Publisher,Total Publications
Springer Science and Business Media LLC,11114
Wiley,10411
Elsevier BV,7124
Regional Euro-Asian Biological Invasions Centre Oy (REABIC),2317
Oxford University Press (OUP),1767
Informa UK Limited,1564
Cambridge University Press (CUP),1352
Public Library of Science (PLoS),1143
MDPI AG,926
Pensoft Publishers,807
Pleiades Publishing Ltd,763
Canadian Science Publishing,464
CSIRO Publishing,441
Frontiers Media SA,396
Inter-Research Science Center,378
The Royal Society,362
FapUNIFESP (SciELO),294
University of Chicago Press,285
Walter de Gruyter GmbH,254
Proceedings of the National Academy of Sciences,220
EDP Sciences,210
JSTOR,210
PeerJ,206
American Association for the Advancement of Science (AAAS),155
Brill,150
Hindawi Limited,146
American Society for Microbiology,120
Schweizerbart,99
SAGE Publications,98
Magnolia Press,97
Annual Reviews,89
National Inquiry Services Center (NISC),84
Humboldt Field Research Institute,76
Pacific Science,74
Torrey Botanical Society,69
Academy of Science of South Africa,68
IOP Publishing,68
Michigan State University Press,68
National Documentation Centre (EKT),68
American Chemical Society (ACS),65
Natural Areas Journal,64
Acta Ecologica Sinica,58
Project MUSE,56
Springer Netherlands,53
Japanese Society of Applied Entomology & Zoology,47
"Resilience Alliance, Inc.",47
SciELO Agencia Nacional de Investigacion y Desarrollo (ANID),47
American Library Association,43
Scientific Societies,43
University of Wisconsin Press,43
China Science Publishing & Media Ltd.,42
"Scientific Research Publishing, Inc.",41
South African National Biodiversity Institute,41
University of Notre Dame,41
PAGEPress Publications,40
National Library of Serbia,38
The Company of Biologists,38
Editorial CSIC,37
California Digital Library (CDL),36
Cold Spring Harbor Laboratory,36
Castanea,35
ALOKI Ltd,33
National Shellfisheries Association,33
New England Botanical Club,33
Society for the Study of Amphibians and Reptiles,33
Southwestern Association of Naturalists,33
Biodiversity Science,32
Copernicus GmbH,32
American Society of Parasitologists,31
American Geophysical Union (AGU),30
American Society of Ichthyologists and Herpetologists (ASIH),30
The Scientific and Technological Research Council of Turkey (TUBITAK-ULAKBIM) - DIGITAL COMMONS JOURNALS,30
American Society for Horticultural Science,29
University of Florida George A Smathers Libraries,29
Museum and Institute of Zoology at the Polish Academy of Sciences,28
Uniwersytet Gdanski,28
Elsevier,27
Springer International Publishing,27
International Society for Horticultural Science (ISHS),26
A.N.Severtsov Institute of Ecology and Evolution RAS  - IEE RAS,25
Coastal Education and Research Foundation,25
Mary Ann Liebert Inc,25
American Institute of Mathematical Sciences (AIMS),24
"Biology Centre, AS CR",24
Sciencedomain International,24
AOSIS,23
Fondazione Pro Herbario Mediterraneo,23
Science Alert,23
UNS Solo,23
Western North American Naturalist,23
Italian Society of Sivilculture and Forest Ecology (SISEF),22
Northwest Scientific Association,22
Academic Journals,21
African Journals Online (AJOL),21
Cellule MathDoc/Centre Mersenne,21
Coleopterists Society,21
Egypts Presidential Specialized Council for Education and Scientific Research,21
Entomological Society of Washington,21
Microbiology Society,21
Ovid Technologies (Wolters Kluwer Health),21
Universidad Nacional Autonoma de Mexico,21
University of California Press,21
Instytut Oceanologii PAN,20
Japanese Society of Fisheries Science,20
Agentschap Plantentuin Meise,19
Bogucki Wydawnictwo Naukowe,19
Nepal Journals Online (JOL),19
The Japanese Society of Revegetation Technology,19
American Entomological Society,18
Centers for Disease Control and Prevention (CDC),18
Institute of Electrical and Electronics Engineers (IEEE),18
New Zealand Ecological Society,18
The University of Kansas,18
Asociacion Espanola de Ecologia Terrestre (AEET),17
OMICS Publishing Group,17
US Geological Survey,17
Victoria University of Wellington Library,17
Zoological Society of Japan,17
Polish Botanical Society,16
Royal Society of Chemistry (RSC),16
University of Agricultural Sciences and Veterinary Medicine Cluj-Napoca,16
"Botanic Garden and Botanical Museum Berlin, Freie Universitaet Berlin",15
Finnish Zoological and Botanical Publishing Board,15
Institute of Experimental Botany,15
Springer Berlin Heidelberg,15
Sri Lanka Journals Online (JOL),15
U.S. Fish and Wildlife Service,15
Wilson Ornithological Society,15
Diva Enterprises Private Limited,14
"Institute of Vertebrate Biology, Academy of Sciences of the Czech Republic",14
O.I.E (World Organisation for Animal Health),14
Universidad de Costa Rica,14
World Scientific Pub Co Pte Lt,14
Chinese Journal of Plant Ecology,13
Freshwater Biological Association,13
Georg Thieme Verlag KG,13
"Museum National d'Histoire Naturelle, Paris, France",13
Society for Vector Ecology,13
The Ecological Society of Korea,13
Wildlife Disease Association,13
Altai State University,12
Begell House,12
CABI Publishing,12
Kherson State University,12
Royal Swedish Academy of Sciences,12
Wildlife Information Liaison Development Society,12
AIP Publishing,11
California Botanical Society,11
Canadian Center of Science and Education,11
De Gruyter Open,11
Hans Publishers,11
Instituto Nacional de Investigacion y Tecnologia Agraria y Alimentaria (INIA),11
PERSEE Program,11
Royal Zoological Society of New South Wales,11
SPIE-Intl Soc Optical Eng,11
"Trans Tech Publications, Ltd.",11
Bentham Science Publishers Ltd.,10
CABI,10
F1000 Research Ltd,10
Genetics and Molecular Research,10
H1 Connect,10
Oles Honchar Dnipropetrovsk National University,10
Polish Academy of Sciences Chancellery,10
Universidade Estadual de Maringa,10
Adam Mickiewicz University Poznan,9
American Society of Tropical Medicine and Hygiene,9
Asociacion Iberica de Limnologia,9
Bishen Singh Mahendra Pal Singh,9
CRC Press,9
Current Science Association,9
Firenze University Press,9
HARD Publishing Company,9
Hrvatski Prirodoslovno Drustvo (Croatian Society for Natural Sciences),9
International Allelopathy Foundation,9
Japanese Society of Veterinary Science,9
Nature Research Centre -NRC,9
Publishing House Belorusskaya Nauka,9
Rockefeller University Press,9
S. Karger AG,9
University of California Agriculture and Natural Resources (UC ANR),9
American Malacological Society,8
Bulletin of Marine Science,8
Cambridge University Press,8
Canadian Institute of Forestry,8
Centre for Evaluation in Education and Science (CEON/CEES),8
Emerald,8
Helminthological Society,8
Institute for Biodiversity and Ecology,8
Institute of Malacology,8
International Mountain Society (IMS) and United Nations University,8
Liverpool University Press,8
Mammalogical Society of Japan,8
Pakistan Journal of Botany,8
Pontificia Universidad Catolica de Valparaiso,8
Smithsonian Institution,8
Societe entomologique de France,8
Universidade Estadual de Feira de Santana,8
Uniwersytet Mikolaja Kopernika/Nicolaus Copernicus University,8
Consorci del Museu de Ciencies Naturals de Barcelona,7
Czech Academy of Agricultural Sciences,7
Czech Botanical Society,7
European Centre for Disease Control and Prevention (ECDC),7
Inderscience Publishers,7
Informatics Publishing Limited,7
International Commission for Plant Pollinator Relations,7
Japan Society of Civil Engineers,7
Medknow,7
"Mycotaxon, Ltd.",7
Norwegian Polar Institute,7
OpenEdition,7
Ornithological Society of Japan,7
Ottawa Field-Naturalists' Club,7
Plantae Scientia,7
"Science China Press., Co. Ltd.",7
Seameo Biotrop,7
Society for Industrial & Applied Mathematics (SIAM),7
Society of Southwestern Entomologists,7
Wydawnictwo Naukowe Gabriel Borowski (WNGB),7
Akademiai Kiado Zrt.,6
Akademizdatcenter Nauka,6
American Arachnological Society,6
American Physical Society (APS),6
American Society of Plant Taxonomists,6
Biodiversity Heritage Library,6
"Central Marine Fisheries Research Institute, Kochi",6
Clemson University,6
Ecology and Civil Engineering Society,6
Finnish Society of Forest Science,6
Herpetological Society of Japan,6
Herpetologists League,6
International Association of Astacology,6
Japanese Institute of Landscape Architecture,6
KMK Scientific Press,6
Kluwer Academic Publishers,6
Korean Society of Environmental Biology,6
"MedCrave Group, LLC",6
Mushroom Research Foundation,6
National Academy of Sciences of Ukraine (Co. LTD Ukrinformnauka),6
Nikitsky Botanical Gardens National Science Center,6
Now Publishers,6
Oxford University Press,6
Publishing House SB RAS,6
Research Square Platform LLC,6
Science Publishing Group,6
Southern Scientific Center of the Russian Academy of Sciences,6
The American Mosquito Control Association,6
The Japanese Association of Benthology,6
The Pennsylvania State University Press,6
The Plankton Society of Japan/The Japanese Association of Benthology,6
The Weed Science Society of Japan,6
"Universidade de Sao Paulo, Agencia USP de Gestao da Informacao Academica (AGUIA)",6
World Scientific Pub Co Pte Ltd,6
Academy of Sciences and Arts of Bosnia and Herzegovina,5
Acoustical Society of America (ASA),5
AkiNik Publications,5
American Society for Photogrammetry and Remote Sensing,5
Asociacion Argentina de Ecologia,5
"Botanical Sciences, Sociedad Botanica de Mexico, AC",5
Brazilian Herpetological Society,5
Chelonian Conservation and Biology Journal,5
"EM International, Publishers of Quality International Journals",5
Estonian Academy Publishers,5
Gaurav Publications,5
Kansas Entomological Society,5
Korean Society of Limnology,5
NMFS Publications Office,5
Naturalis Biodiversity Center,5
Pacific Coast Entomological Society,5
Pavol Jozef Safarik University in Kosice,5
Pemberley Books (Publishing),5
Soil and Water Conservation Society,5
"Sophia Publishing Group, Inc.",5
South Florida Publishing LLC,5
Systematic and Applied Acarology Society,5
The Society for the Study of Evolution,5
Universidade Federal do Parana,5
University of Ljubljana,5
University of Puerto Rico at Mayaguez,5
University of Sri Jayewardenepura,5
University of Wyoming Libraries,5
AI Publications,4
American Association of Zoo Veterinarians,4
American Society of Clinical Oncology (ASCO),4
Arachnologische Gesellschaft e.v.,4
"Authorea, Inc.",4
BMJ,4
Bangladesh Journals Online (JOL),4
Birkhäuser-Verlag,4
British Herpetological Society,4
"Computers, Materials and Continua (Tech Science Press)",4
EDUFU - Editora da Universidade Federal de Uberlandia,4
Edward Elgar Publishing,4
Excellent Publishers,4
Forest Research Institute,4
Geological Society of America,4
IEEE,4
IOS Press,4
IWA Publishing,4
Institute of Oceanography and Fisheries,4
"Institute of Systematics and Evolution of Animals, Polish Academy of Sciences",4
International Society of Arboriculture,4
Iskenderun Technical University,4
Ivyspring International Publisher,4
Japan Section of the Regional Science Association International,4
Journal of Central European Agriculture,4
Journal of Limnology and Freshwater Fisheries Research,4
Karelian Research Centre of the Russian Academy of Sciences,4
Komarov Botanical Institute of the Russian Academy of Sciences,4
Korean Society of Ecology and Infrastructure Engineering,4
MedCrave Group Kft.,4
Oxford University PressOxford,4
Royal Botanical Gardens and Domain Trust,4
Scion,4
Sociedad Entomologica Argentina,4
Sociedad Iberica de Ictiologia,4
Sociedade Brasileira de Quimica (SBQ),4
Springer Japan,4
Springer-Verlag,4
The Arctic Institute of North America,4
The Korea Society of Environmental Restoration Technology,4
The Korean Society of Plant Taxonomists,4
The Korean Society of Weed Science,4
Universidad Nacional de Colombia,4
Universidade Estadual de Londrina,4
Vilnius Gediminas Technical University,4
Waterbird Society,4
Zhejiang University Press,4
"eLife Sciences Publications, Ltd",4
Acta Zoologica Hungarica,3
Agricultural and Food Science,3
American Association for Cancer Research (AACR),3
American Chemical Society,3
American Scientific Publishers,3
American Society of Agricultural and Biological Engineers (ASABE),3
American Society of Civil Engineers (ASCE),3
Ardeola,3
Asociatia Romana de Pteridologie,3
Asosiasi Peneliti dan Teknisi Kehutanan dan Lingkungan Hidup Indonesia,3
Association for Tropical Biology,3
Association for the Advancement of Artificial Intelligence (AAAI),3
BdFISH,3
Belarusian State University,3
Biological Diversity and Conservation,3
Botanikai Kozlemenyek,3
Brazilian Journal of Development,3
CREA - DC,3
Cactus and Succulent Society of America,3
DEStech Publications,3
Edinburgh University Press,3
Edizioni Danaus sas,3
"Euroasian Scientific and Industrial Chamber, Ltd.",3
"Faculty of Forestry, University of Zagreb",3
Forest Research Institute Malaysia,3
Genetics Society of Japan,3
Horticultural Research Institute,3
Hrvatski Sumarski Institut (Croatian Forest Research),3
ICARP FEBRAS,3
IRD Éditions,3
Institute of Agroecology and Environmental Management NAAN,3
Instituto de Investigaciones Oceanologicas,3
Instituto de Pesquisa e Estudos Florestais (IPEF),3
"International Institute for Science, Technology and Education",3
International Union of Crystallography (IUCr),3
Istanbul University,3
Japan Society of Medical Entomology and Zoology,3
Journal of Fisheries,3
Journal of Infection in Developing Countries,3
Juniper Publishers,3
King Abdulaziz University Scientific Publishing Centre,3
Laser Pages Publishing Ltd.,3
Lembaga Penelitian dan Pengabdian kepada Masyarakat Universitas Lampung,3
Lepidopterists' Society,3
Les Amis d'Acarologia,3
Lithuanian Research Centre for Agriculture and Forestry,3
MIT Press - Journals,3
"Macrothink Institute, Inc.",3
Malaga University,3
Marin Dracea National Research-Development Institute in Forestry,3
Medwin Publishers,3
Museum National D'Histoire Naturelle,3
MyJove Corporation,3
National Academy of Sciences of Ukraine (Co. LTD Ukrinformnauka) (Publications),3
New York Entomological Society,3
New Zealand Plant Protection Society,3
Oecologia Australis,3
Opast Group LLC,3
Oriental Scientific Publishing Company,3
Osterreichische Akademie der Wissenschaften,3
Penerbit Universiti Kebangsaan Malaysia (UKM Press),3
Petrozavodsk State University,3
Portland Press Ltd.,3
Research Information Ltd.,3
ResearchersLinks Ltd,3
Royal Belgian Institute of Natural Sciences (RBINS),3
Sociedad Argentina para el Estudio de los Mamiferos,3
Society of Land Measurements and Cadastre from Transylvania,3
Southern African Wildlife Management Association,3
Spandidos Publications,3
Springer US,3
State Ecology Academy of Postgraduate Education and Management,3
The Apicultural Society of Korea,3
The Japan Society of Tropical Ecology,3
The Japanese Forest Society,3
The Japanese Society of Limnology,3
The Korean Society of Grassland and Forage Science,3
The Korean Society of Phycology,3
Tree-Ring Society,3
Turkish Science and Technology Publishing (TURSTEP),3
Tver State University,3
Universidad Complutense de Madrid (UCM),3
Universidade Estadual da Paraiba/Universidade Federal Rural de Pernambuco (Ethnobiology and Conservation),3
Universidade Federal de Santa Catarina (UFSC),3
Universitas Gadjah Mada,3
Universiti Brunei Darussalam,3
University of Bucharest (Bucharest University Press),3
University of Southern Mississippi,3
"University of Zagreb, Faculty of Science, Department of Biology",3
Water Environment Federation,3
Zoological Institute of the Russian Academy of Sciences,3
ACM,2
AIP,2
AME Publishing Company,2
ANSF Publications,2
ARC Publications Pvt Ltd.,2
Action For Sustainable Efficacious Development and Awareness,2
Adhya Biosciences Pvt. Ltd.,2
Advances in Weed Science,2
African Traditional Herbal Medicine Supporters Initiative (ATHMSI),2
Agricultural Research Communication Center,2
American Fern Society,2
American Medical Association (AMA),2
American Physiological Society,2
"Aquatic Bioresources & Environment, FSBSI VNIRO, Azov-Black Sea Branch of the FSBSI VNIRO (AzNIIRKH)",2
Arab Society for Plant Protection,2
Arachology,2
Asian Australasian Association of Animal Production Societies,2
Australian Museum,2
Beilstein Institut,2
Berghahn Books,2
Beta Beta Biological Society,2
Bilingual Publishing Group,2
BioResources,2
British Cactus and Succulent Society,2
CLOCKSS Archive,2
Ceska zemedelska univerzita v Praze,2
"Charles University in Prague, Karolinum Press",2
Commonwealth Forestry Association,2
Companhia Brasileira de Producao Cientifica,2
Duke University Press,2
ECO-Vector LLC,2
EM International,2
EManuscript Technologies,2
EWA Publishing,2
East African Nature and Science Organization,2
"Editorial Committee of Japanese Journal of Infectious Diseases, National Institute of Infectious Dis",2
Editorial office of the journal Achievements of Science and Technology of the Agro-Industrial Complex,2
Eleyon Publishers,2
Enviro Research Publishers,2
Environmental Health Perspectives,2
Erdkunde,2
Eurasian Journal of Forest Science,2
European Center of Sustainable Development,2
"European Scientific Institute, ESI",2
FSBI TSUREN,2
FSBSI RRIFSC,2
"Federal Scientific Center of the East Asia Terrestrial Biodiversity, FEB RAS",2
Federal State Budgetary Educational Institution of Higher Education Moscow Pedagogical State University,2
GN1 Genesis Network,2
Georgia Entomological Society,2
Global Cooperation and Analytical Research Center Public Union,2
Global Research Online,2
Granthaalayah Publications and Printers,2
Horizon E-Publishing Group,2
IGI Global,2
Illinois State University,2
"Impact Journals, LLC",2
Indian Association for Angiosperm Taxonomy (IAAT),2
Institute of Applied Ecology,2
"Institute of Archaeology, National Academy of Sciences of Ukraine",2
"Institute of Geographic Science and Natural Resources Research, Chinese Academy of Sciences",2
Institute of Molecular Biology and Genetics (NAS Ukraine),2
Institute of Plant Protection - National Research Institute,2
Institute of Research and Community Services Diponegoro University (LPPM UNDIP),2
Institution of Engineering and Technology (IET),2
"Instituto de Ecologia, A.C.",2
Instituto de Investigacion de Recursos Biologicos Alexander von Humboldt (IAVH),2
Instituto de Pesquisas Ambientais em Bacias Hidrograficas (IPABHi),2
International Association for Multidisciplinary Research (IAMURE),2
International Association for Vegetation Science (IAVS),2
International Journal of Geomate,2
International Journal of Science and Research,2
International Society for Environmental Information Science (ISEIS),2
Iraq Natural History Research Center and Museum,2
JStage (Ornithological Society of Japan),2
Japan Science Support Foundation,2
Japanese Society of Systematic Zoology,2
Japanese Society of Zoo and Wildlife Medicine,2
Journal Agriculture and Forestry,2
Journal of Artificial Societies and Social Simulation,2
Journal of Experimental Biology and Agricultural Sciences,2
Korea Environmental Policy and Administration Society,2
Korea Society of Environment and Ecology,2
Korean Academy of Medical Sciences,2
Korean Society of Life Science,2
Korean Society of Plant Pathology,2
Kyoto University Library,2
M.M. Gryshko National Botanical Garden of the NAS of Ukraine,2
MIT Press,2
Marine Science and Technology Bulletin,2
Mark Allen Group,2
Massachusetts Medical Society,2
Medpharm Publications,2
Mendel University Press,2
Modestum Publishing Ltd,2
"Museo Nacional de Historia Natural, Prof. Eugenio de Jesus Marcano",2
National Institute of Ecology,2
"National Museum of Natural History, BAS",2
National University of Life and Environmental Sciences of Ukraine,2
Norwegian University of Science and Technology (NTNU) Library,2
O-Kratkoe Ltd,2
Peertechz Publications Private Limited,2
Pharmaceutical Society of Japan,2
Plant Archives,2
Pontificia Universidad Catolica de Chile,2
Portland State University Library,2
Primate Society of Japan,2
Prof. Marin Drinov Publishing House of BAS (Bulgarian Academy of Sciences),2
Queen's University Library,2
Research Review Publisher,2
"Research, Society and Development",2
Revista Nativa,2
Rezekne Academy of Technologies,2
SPIE,2
Samara State University of Social Sciences and Education,2
Saran Publications,2
Science Trends,2
Scientific and Academic Publishing,2
Scitechnol Biosoft Pvt. Ltd.,2
Servicio de Publicaciones de la Universidad de Murcia,2
Sociedade Entomologica do Brasil,2
Society for Sedimentary Geology,2
Society of Environmental Conservation Engineering,2
South Carolina Entomological Society,2
Southern Cross Publishing,2
Springer New York,2
Stepan Gzhytskyi National University of Veterinary Medicine and  Biotechnologies Lviv,2
Studia Botanica Hungarica,2
The Japanese Society for Medical Mycology,2
The Japanese Society of Environmental Education,2
The Korean Society of Climate Change Research,2
The Mycological Society of Japan,2
The Oceanography Society,2
The Russian Academy of Sciences,2
Tohoku University Medical Press,2
Turkish Journal of Entomology,2
"Ubiquity Press, Ltd.",2
Universidad Autonoma Chapingo,2
Universidad Federal de Santa Maria,2
Universidad Nacional de Cordoba,2
Universidad Tecnica de Manabi,2
Universidad de la Rioja,2
Universidade Estadual de Alagoas,2
Universitas Andalas,2
"Universitas Indonesia, Directorate of Research and Public Service",2
University of Arizona,2
University of Cape Town,2
University of Energy and Natural Resources,2
University of Toronto Press Inc. (UTPress),2
W. Szafer Institute of Botany Polish Academy of Sciences,2
Worldwide Protein Data Bank,2
A and V Publications,1
A. I. Rosu Cultural Scientific Foundation (Fundatia cultural-stiintifica A. I. Rosu),1
ACAD-WISE,1
ACS Publisher,1
ANU Press,1
ASA,1
ASCE,1
ASME International,1
ASTM International,1
AVES YAYINCILIK A.Ş.,1
Academy of Natural Sciences of Philadelphia,1
Academy of Sciences Malaysia,1
Acta Scientific Publications Pvt. Ltd.,1
Adjacent Digital Politics Ltd,1
Afri Publishing,1
"Agricultural Experiment Station, University of Puerto Rico-Mayaguez",1
Agricultural University,1
Agricultural University of Iceland,1
Agriculture and Environmental Science Academy,1
Alkhaer Publications,1
Allerton Press,1
American Academy of Pediatrics (AAP),1
American Animal Hospital Association,1
American Association of Avian Pathologists (AAAP),1
American Bryological and Lichenological Society,1
American College of Physicians,1
American Dairy Science Association,1
American Journal of Undergraduate Research,1
American Mathematical Society (AMS),1
American Meteorological Society,1
American Mosquito Control Association,1
American Psychological Association (APA),1
American Society for Cell Biology (ASCB),1
American Society for Clinical Investigation,1
American Society for Pharmacology & Experimental Therapeutics (ASPET),1
American Society of Reclamation Sciences (ASRS),1
American Thoracic Society,1
"Annals of Tropical Medicine, Visayas State University",1
Apple Academic Press,1
Aquatic Mammals Journal,1
Arquivos de Ciências do Mar,1
Asia-Pacific Network for Global Change Research,1
Asian Pacific Journal of Tropical Medicine Press,1
Asociacion Civil Herpetologica Argentina,1
Asociacion Mexicana de Mastozoologia,1
Asociatia Carpatica de Mediu si Stiintele Pamantului,1
"Associated Management Consultants,  PVT., Ltd.",1
Association for Computing Machinery (ACM),1
Association of Environmental and Engineering Geologists,1
Association of Reptilian and Amphibian Veterinarians (ARAV),1
Astrakhan State Technical University,1
Author(s),1
BPAS Publications,1
BPAS Publishers LLP,1
Baltic Forestry,1
Banaras Hindu University,1
Bartin Universitesi,1
Belgorod State University,1
Bilingual Publishing Co.,1
BioOne,1
Bioinfo Publications,1
Bioscientifica,1
Birkhäuser Basel,1
Birlesik Dunya Yenilik Arastirma ve Yayincilik Merkezi,1
Blue Eyes Intelligence Engineering and Sciences Engineering and Sciences Publication - BEIESP,1
Bolan Society for Pure and Applied Biology (BSPAB),1
Boletim do Instituto de Pesca,1
Bombay Natural History Society,1
Botanical Research Institute of Texas,1
Botanical Society of Britain and Ireland,1
Botanical Survey of India,1
"Botswana Journal of Agriculture and Applied Sciences, Botswana University of Agriculture and Natural Resources",1
Brawijaya University,1
Bristol University Press,1
Bryansk State University,1
Burleigh Dodds Science Publishing,1
CEGOT - Center of Studies on Geography and Spatial Planning,1
CSIR-National Institute of Science Communication and Policy Research (NIScPR),1
Cappelen Damm AS - Cappelen Damm Akademisk,1
"Center for Journal Management and Publication, Lambung Mangkurat University",1
Center for the Blue Economy,1
Center of Biomass and Renewable Energy Scientia Academy,1
Central Library of the Slovak Academy of Sciences,1
Centro Cientifico Conhecer,1
Centro Interdisciplinario de Ciencias Marinas,1
Centro Internacional de Agricultura Tropical,1
Cherepovets State University,1
Claremont Colleges Library,1
Columella,1
Common Ground Research Networks,1
Consortium Erudit,1
Corporacion Colombiana de Investigacion Agropecuaria (Corpoica),1
CourseSource,1
Croatian Chemical Society,1
Croatian Natural History Museum,1
Crustacean Society,1
Cushman Foundation for Foraminiferal Research,1
Czech Geographical Society,1
Department of Forest Management,1
Dogal Afetler ve Cevre Dergisi,1
Dr Tarak Nath Podder Memorial Foundation,1
EDIPUCRS,1
EJournal Publishing,1
EScience Press Inc,1
East Himalayan Society for Spermatophyte Taxonomy,1
Ecletica Quimica,1
Ecletica Quimica Journal,1
Ecocycles,1
Editora Cubo,1
Editora Dom Helder,1
Editora UNIVALI,1
Editora e Distribuidora Educacional,1
Editura Universitatii Alexandru Ioan Cuza din Iasi,1
Ege University Faculty of Fisheries,1
Element d.o.o.,1
"Elewa Biosciences, F.a.C.T Ltd (K)",1
Engineering Sciences Press,1
Entomological Society of America,1
Entomologistas do Brasil,1
Environment and Social Welfare Society,1
Equinox Publishing,1
Essentia Editora,1
European Open Science Publishing,1
European Scientific Platform (Publications),1
Faculty Opinions Ltd,1
Faculty of Food Technology and Biotechnology - University of Zagreb,1
"Faculty of Geotechnical Engineering, University of Zagreb",1
"Faculty of Humanities and Social Sciences, University of Zagreb",1
Fakultas Pertanian Universitas Sultan Ageng Tirtayasa,1
Folium Publishing Company,1
Fundacao Educacional da Regiao de Joinville - Univille,1
GN1 Sistemas e Publicacoes Ltd.,1
GSC Online Press,1
Gavin Publishers,1
Geological Society of London,1
Gesellschaft Schweizer Tierarztinnen und Tierarzte,1
Glasgow Natural History Society,1
Global Science and Technology Forum,1
Global Science and Technology Forum (GSTF),1
Glowny Instytut Gornictwa (Central Mining Institute),1
HACCP Consulting,1
Higher State Educational Establishment of Ukraine Bukovinian State Medical University,1
"Hikari, Ltd.",1
Hilaris SRL,1
Hind Agri Horticultural Society,1
Horizon Publisher India,1
"Horizon Research Publishing Co., Ltd.",1
Hrvatsko Agronomsko Drustvo,1
Hrvatsko Sumarsko Drustvo,1
Hrvatsko botanicko drustvo,1
Human Kinetics,1
Humana Press,1
IOSR Journals,1
IRA Academico Research,1
IUPUI University Library,1
Ilia State University,1
Immediate Science Ecology,1
InTech,1
Index Copernicus,1
Indian Academy of Horticultural Sciences,1
Indian Academy of Sciences,1
"Indian Council of Agricultural Research, Directorate of Knowledge Management in Agriculture",1
Indian Ecological Society,1
Indian Society for Education and Environment,1
Indian Society of Coastal Agricultural Research,1
Infectious Disease and Control Branch (IDPCB) - Public Health Agency of Canada,1
Institute for Operations Research and the Management Sciences (INFORMS),1
Institute for the Study of History,1
"Institute of Economics, Technologies and Entrepreneurship",1
Institute of Fisheries NAAS of Ukraine,1
Institute of Fundamental and Applied Parasitology of Animals and Plants,1
Institute of Plant Protection of NAAS,1
Institute of Rural Health,1
Instituut voor Natuur- en Bosonderzoek,1
Intellect,1
International Academy Publishing (IAP),1
International Information and Engineering Technology Association,1
International Journal for Multidisciplinary Research (IJFMR),1
International Journal for Research in Applied Science and Engineering Technology (IJRASET),1
International Journal of Agriculture Environment and Food Sciences,1
International Journal of Applied and Pure Science and Agriculture,1
International Journal of Scientific and Research Publications (IJSRP),1
International Press of Boston,1
International Society of Environmental Botanists,1
Iris Publishers LLC,1
Ital Publication,1
Ivan Franko National University of Lviv,1
JACS Directory,1
Japan Academy,1
Japan Society of Sports Industry,1
Japan Society on Water Environment,1
Japan Technical Association of the Pulp and Paper Industry,1
Japan Wood Preserving Association,1
Japanese Society of Breeding,1
Japanese Society of Microbial Ecology,1
John Benjamins Publishing Company,1
Journal of Anatolian Environmental and Animal Sciences,1
Journal of Chitan and Chitosan,1
Journal of Lake Sciences,1
Journal of Natural Resources,1
"Journal of Science Policy and Governance, Inc.",1
"Journal of Science, Hanoi National University of Education",1
Jyvaskyla University Open Science Centre,1
KSU Journal of Agriculture and Nature,1
Kansas Academy of Science,1
Kasetsart University and Development Institute,1
Kastamonu University,1
Kastamonu University Journal of Forestry Faculty,1
Kazan Federal University,1
Kentucky Academy of Science,1
Kenyatta University,1
Khulna University,1
Kluwer Law International BV,1
Knowledge E,1
Knowledge E DMCC,1
Korea Maritime Institute,1
Korea Ocean Research and Development Institute,1
Korean Association of Island,1
Korean Critical Sociological Association,1
Korean Institute of Forest Recreation and Welfare,1
Korean Institute of Information Scientists and Engineers,1
Korean Institute of Landscape Architecture,1
Korean Society for Parasitology,1
Korean Society of Applied Entomology,1
Korean Society of Developmental Biology,1
Korean Society of Infectious Diseases and Korean Society for Chemotherapy,1
Korean Society of Rural Planning,1
Kutafin Moscow State Law University,1
Kyushu University,1
LLC Kartfond,1
LP2M Universitas Islam Negeri (UIN) Syarif Hidayatullah Jakarta,1
Landscape Online,1
Lembaga Penelitian dan Pengabdian kepada Masyarakat Universitas Riau,1
Lepidus Tecnologia,1
Lesya Ukrainka Volyn National University,1
Limnological Institute SB RAS,1
Lithuanian Academy of Sciences,1
Living Reviews,1
Louisiana State University Libraries,1
Loyola Marymount University,1
Lujosh Ventures Limited,1
MIQOT Jurnal Ilmu ilmu Keislaman,1
MO.RI Publishing,1
Macedonian Academy of Sciences and Arts,1
Macedonian Ecological Society,1
Malwa International Journal's Publication,1
Marine Science Centre - The University of Basrah,1
Marine and Coastal Research Institute INVEMAR,1
Marwah Infotech,1
Masaryk University Press,1
Maximum Academic Press,1
Maya Global Education Society,1
Medical Journals Sweden AB,1
Medycyna Weterynaryjna - Redakcja,1
Microbiology Research Foundation,1
Micropaleontological Foundation MicroPress Europe,1
Mineralogical Society of America,1
Missouri Botanical Garden Press,1
Montana Natural Heritage Program,1
Moscow University Press,1
"Museum of Comparative Zoology, Harvard University",1
Museums Victoria,1
NNC Institute of Beekeeping named after P.I. Prokopovich,1
National Academies Press,1
National Dendrological Park - Sofiyivka,1
National Environmental Science Academy,1
National Institute of Public Health,1
National Research Mordovia State University MRSU,1
National Research and Innovation Agency,1
National Scientific and Research Institute of Industrial Safety and Occupational Safety and Health,1
National Speleological Society,1
National University of Kyiv - Mohyla Academy,1
Natura Somogyiensis,1
"North Carolina Academy of Science, Inc.",1
Northern California Open Access Publications,1
Northwestern Naturalist,1
OAIMDD - EcoZone Publishing House,1
Oekom Publishers GmbH,1
Office of Scientific and Technical Information (OSTI),1
Oklahoma State University Library,1
Optica Publishing Group,1
Opuscula Zoologica,1
PPUFU - Portal de Periódicos da Universidade Federal de Uberlândia,1
Pakistan Journal of Agricultural Sciences,1
Pakistan Phytopathological Society,1
Pan Africa Science Journal (PASJ),1
Pan African Medical Journal,1
Papanin Institute for Biology of Inland Waters Russian Academy of Sciences,1
Penza State University,1
Peoples' Friendship University of Russia,1
"Philippine Association of Institutions for Research, Inc.",1
Philippine Journal of Systematic Biology,1
Philosophy of Education Society,1
Physical Society of Japan,1
Plant Protection and Quarantine Journal,1
Polaris,1
"Polska Akademia Nauk Instytut Paleobiologii (Institute of Paleobiology, Polish Academy of Sciences)",1
Poltava V.G.Korolenko National Pedagogical University,1
Portico,1
Printed by Taylor and Francis,1
PubPub,1
"Publicidad Permanyer, SLU",1
"Publishing House &quot;Sputnik +&quot;, Ltd",1
"Publishing House for Science and Technology, Vietnam Academy of Science and Technology (Publications)",1
REST Publisher,1
Radiance Research Academy,1
"Red Flower Publication Private, Ltd.",1
Reforesta,1
Research Desk Inc,1
Research Outreach,1
"Research, Development and Innovation Agency, Ministry of Environment and Forestry",1
Revista Biota Amazonia,1
Revista Brasileira de Ciencia do Solo,1
Revista Brasileira de Ciencias Agrarias,1
Revista de Chimie SRL,1
Royal Botanic Garden Edinburgh,1
Russian Geographical Society,1
SAE Publications,1
SAFE Network,1
SDEWES Centre,1
SPb RAACI,1
STEF92 Technology,1
Salahaddin University - Erbil,1
Saratov State University,1
Scandinavian University Press / Universitetsforlaget AS,1
Scholar Publishing,1
Science Publishing Corporation,1
Science Society of Thailand,1
Scientific Research and Community Ltd,1
Scientific Web Journals (SWJ),1
Seventh Sense Research Group Journals,1
Siberian Academic Book LLC,1
Sigma Xi,1
Silesian University of Technology,1
Slovak University of Agriculture in Nitra,1
Smithsonian Institution Scholarly Press,1
Sociedad Chilena de Entomologia,1
Society for Upliftment of Rural Economy (SURE),1
Society of Agricultural Meteorology of Japan,1
Society of Conservatoire at Jardin Botaniques de la Ville de Geneve,1
Society of Gastrointestinal Intervention,1
Sociotechnology Research Network (Shakai Gijutsu Kenkyuukai),1
Southern California Academy of Sciences,1
Southern Federal University,1
Sretechjournal Publication,1
State Museum of Natural History,1
Suomen Antropologi: Journal of the Finnish Anthropological Society,1
Swiss Chemical Society,1
Swiss Forestry Society,1
"TSNS Interaktiv Plus, LLC",1
Taiwan Association for Aerosol Research,1
Tamaki Paenga Hira Auckland Museum,1
Techno-Press,1
Termedia Sp. z.o.o.,1
Terra Science and Education,1
Test accounts,1
The Association for Plant Protection of Kyushu,1
The Association of Korean Geographers,1
The Biological Society of Washington,1
The Canadian Journal of Higher Education/la Revue canadienne d'enseignement superieur,1
The Entomological Society of India,1
The Global Journals,1
The Grassroots Institute,1
The Ichthyological Society of Korea,1
The Institute for Research and Community Services (LPPM) ITB,1
The International Compositae Alliance,1
The Japanese Nematological Society,1
The Japanese Society of Plant Morphology,1
"The Journal of Emerging Investigators, Inc.",1
The Kansai Plant Protection Society,1
The Korean Academy of Tuberculosis and Respiratory Diseases,1
The Korean Society of Environmental Agriculture,1
The Korean Society of Fisheries and Aquatic Science,1
The Korean Society of Gastrointestinal Endoscopy,1
The Korean Society of Systematic Zoology,1
The Ohio State University Libraries,1
The Optical Society,1
The Phytopathological Society of Japan,1
"The Raptor Research Foundation, Inc.",1
The Research Center of the Slovenian Academy of Sciences and Arts / Znanstvenoraziskovalni center Slovenske akademije znanosti in umetnosti (ZRC SAZU),1
The Royal Society of Tasmania,1
The San Diego Shell Club,1
The Sax Institute,1
The Sessile Organisms Society of Japan,1
The Society of Naval Architects and Marine Engineers,1
The University of Danang,1
Trakya University Journal of Natural Sciences,1
Turkish Bulletin of Entomology,1
Turkish Journal of Forestry,1
Tyumen State University,1
"U.S. Dept. of Agriculture,",1
UPT Penerbitan Universitas Jember,1
Union of Researchers of Macedonia,1
United Graduate School of Agricultural Science,1
Universidad Autonoma Metropolitana,1
Universidad Estatal a Distancia,1
Universidad Nacional de Tumbes,1
Universidad Nacional del Litoral,1
Universidad de Caldas,1
Universidad de Narino,1
Universidad del Bio Bio,1
Universidade Estadual do Oeste do Parana - UNIOESTE,1
Universidade Federal de Goias,1
Universidade Federal de Minas Gerais - Pro-Reitoria de Pesquisa,1
Universidade Federal de Roraima,1
Universidade Federal de Santa Maria,1
Universidade Federal do Maranhao,1
Universidade de São Paulo. Agência de Bibliotecas e Coleções Digitais,1
Universitas Mataram,1
Universitas Tjut Nyak Dhien,1
Universitas Udayana,1
University of Agronomic Sciences and Veterinary Medicine in Bucharest (UASVMB),1
University of Alberta Libraries,1
University of Debrecen/ Debreceni Egyetem,1
University of Guelph,1
University of Minnesota,1
University of North Bengal,1
University of South Florida Libraries,1
"University of Split, Faculty of Maritime Studies",1
University of Szczecin,1
University of Szeged,1
University of Veterinary Sciences Brno,1
Uniwersytet Humanistyczno-Przyrodniczy im. Jana Dlugosza w Czestochowie,1
Uniwersytet Jagiellonski - Wydawnictwo Uniwersytetu Jagiellonskiego,1
Uniwersytet Kardynala Stefana Wyszynskiego,1
Uniwersytet Przyrodniczy w Lublinie,1
Update Publishing House,1
VSB - Technical University of Ostrava,1
Veterinary World,1
Vietnam National University Journal of Science,1
Vladikavkaz Scientific Centre of the Russian Academy of Sciences,1
Volgograd State University,1
Voronezh State University of Forestry and Technologies named after G.F. Morozov,1
Walter de Gruyter,1
Warsaw University of Life Sciences – SGGW Press,1
Weed Science Society,1
Weed Science Society of Pakistan,1
Westerdijk Fungal Biodiversity Institute,1
Western Australian Museum,1
World Health Organization Regional Office for the Eastern Mediterranean (WHO/EMRO),1
World Public Health Nutrition Association,1
World Scientific and Engineering Academy and Society (WSEAS),1
Worldwide Dragonfly Association,1
Yamashina Institute for Ornithology,1
Yaroslav Mudryi National Law University,1
Zaporizhzhia National University,1
Zoological Research,1
Zoological Survey of India,1
al-Farabi Kazakh National University,1
